{"cameraMode":{"drawMode":0,"name":"Shaded","section":"Shading Mode"},"sceneLighting":true,"audioPlay":false,"sceneViewState":{"m_AlwaysRefresh":false,"showFog":true,"showSkybox":true,"showFlares":true,"showImageEffects":true,"showParticleSystems":true,"showVisualEffectGraphs":true,"m_FxEnabled":true},"in2DMode":false,"pivot":{"x":10.155481338500977,"y":-10.33249282836914,"z":37.22411346435547},"rotation":{"x":-0.22335697710514069,"y":0.021049607545137407,"z":-0.004824574571102858,"w":-0.9745017290115356},"size":25.82625389099121,"orthographic":false}